Anon Student Id,Problem Name
bigalpaca,4plus5xeq8plus3x-diagrams-first
bigant,xplus2eq6-diagrams-first
bigant,xplus3eq5-diagrams-first
bigant,xplus3eq8-diagrams-first
bigant,xplus6eq8-diagrams-first
bigant,9eq4plusx-diagrams-first
bigant,2xplus3eq7-diagrams-first
bigant,3xplus2eq8-diagrams-first
bigant,3xplus8eq17-diagrams-first
bigant,1plus2xeq5-diagrams-first
bigant,9eq2xplus5-diagrams-first
bigant,19eq3xplus4-diagrams-first
bigant,3xeqxplus4-diagrams-first
bigant,7xeq2xplus5-diagrams-first
bigant,5xeq2xplus15-diagrams-first
bigant,9xeq5xplus8-diagrams-first
bigbat,xplus3eq5-diagrams-first
bigbat,8eqxplus3-diagrams-first
bigbat,4xplus3eq11-diagrams-first
bigbear,xplus3eq5-diagrams-first
bigbear,xplus3eq8-diagrams-first
bigbird,xplus3eq5-diagrams-first
bigbird,xplus3eq8-diagrams-first
bigbird,2xplus3eq7-diagrams-first
bigbird,4xplus1eq9-diagrams-first
bigbird,3xplus8eq17-diagrams-first
bigbird,9eq2xplus5-diagrams-first
bigbird,3xeqxplus4-diagrams-first
bigbird,7xeq2xplus5-diagrams-first
bigbird,6xeq7plus5x-diagrams-first
bigbird,7xeq20plus2x-diagrams-first
bigbird,4xeq2xplus6-diagrams-first
bigbird,6xplus3eqxplus13-diagrams-first
bigbird,4xplus3eq2xplus7-diagrams-first
bigbird,1plus9xeq8plus2x-diagrams-first
bigbird,2plus7xeq11plus4x-diagrams-first
bigbison,xplus2eq6-diagrams-first
bigbison,2xplus3eq7-diagrams-first
bigbison,3xplus1eq10-diagrams-first
bigbison,4xplus1eq9-diagrams-first
bigbison,3xplus2eq8-diagrams-first
bigbison,9eq2xplus5-diagrams-first
bigbison,6xeq7plus5x-diagrams-first
bigbison,4xplus1eqxplus10-diagrams-first
bigbison,8xplus1eq2xplus13-diagrams-first
bigbison,5xplus2eq2xplus8-diagrams-first
bigbison,8xplus3eq5plus6x-diagrams-first
bigbison,1plus9xeq8plus2x-diagrams-first
bigcat,1plusxeq7-diagrams-first
bigcat,8eqxplus3-diagrams-first
bigcat,3eqxplus1-diagrams-first
bigcat,9eq4plusx-diagrams-first
bigcat,10eq5plusx-diagrams-first
bigcat,2xplus3eq7-diagrams-first
bigcat,3xplus1eq10-diagrams-first
bigcat,4xplus1eq9-diagrams-first
bigcat,3xplus2eq8-diagrams-first
bigcat,4xplus3eq11-diagrams-first
bigcat,1plus2xeq5-diagrams-first
bigcat,15eq4xplus3-diagrams-first
bigcat,19eq3xplus4-diagrams-first
bigcat,15eq4xplus7-diagrams-first
bigcat,8eq3plus5x-diagrams-first
bigcat,7xeq20plus2x-diagrams-first
bigcat,5xeq2xplus15-diagrams-first
bigcat,4xeq2xplus6-diagrams-first
bigcat,6xeq4xplus10-diagrams-first
bigcat,6xeq2xplus8-diagrams-first
bigcat,8xeq2xplus6-diagrams-first
bigcat,4xplus1eqxplus10-diagrams-first
bigdeer,xplus3eq8-diagrams-first
bigdeer,5plusxeq7-diagrams-first
bigdeer,2xplus3eq7-diagrams-first
bigdeer,3xplus2eq8-diagrams-first
bigdeer,1plus2xeq5-diagrams-first
bigdeer,7eq5plus2x-diagrams-first
bigdeer,8xeq2xplus6-diagrams-first
bigdeer,1plus9xeq8plus2x-diagrams-first
bigdog,xplus6eq8-diagrams-first
bigdog,1plusxeq7-diagrams-first
bigdog,5plusxeq7-diagrams-first
bigdog,2xplus3eq7-diagrams-first
bigdog,4xplus1eq9-diagrams-first
bigdog,9eq2xplus5-diagrams-first
bigdog,19eq3xplus4-diagrams-first
bigdog,3xeqxplus4-diagrams-first
bigdog,7xeq20plus2x-diagrams-first
bigdog,8xplus1eq2xplus13-diagrams-first
bigdog,4xplus3eq2xplus7-diagrams-first
bigdog,5xplus2eq2xplus8-diagrams-first
bigduck,1plusxeq7-diagrams-first
bigduck,2xplus3eq7-diagrams-first
bigduck,3xplus2eq8-diagrams-first
bigduck,3xeqxplus4-diagrams-first
bigduck,7xeq2xplus5-diagrams-first
bigduck,9xeq5xplus8-diagrams-first
bigduck,8xplus1eq2xplus13-diagrams-first
bigeagle,xplus2eq6-diagrams-first
bigeagle,xplus3eq5-diagrams-first
bigeagle,5plusxeq7-diagrams-first
bigeagle,3eqxplus1-diagrams-first
bigeagle,9eq4plusx-diagrams-first
bigfish,xplus3eq5-diagrams-first
bigfish,xplus3eq8-diagrams-first
bigfish,xplus6eq8-diagrams-first
bigfish,1plusxeq7-diagrams-first
bigfish,2plusxeq9-diagrams-first
bigfish,8eqxplus3-diagrams-first
bigfish,9eq4plusx-diagrams-first
bigfish,2xplus3eq7-diagrams-first
bigfish,3xplus1eq10-diagrams-first
bigfish,4xplus1eq9-diagrams-first
bigfish,3xplus8eq17-diagrams-first
bigfish,4xplus3eq11-diagrams-first
bigfish,1plus2xeq5-diagrams-first
bigfish,7plus2xeq11-diagrams-first
bigfish,9eq2xplus5-diagrams-first
bigfish,8eq3plus5x-diagrams-first
bigfish,7xeq2xplus5-diagrams-first
bigfish,7xeq20plus2x-diagrams-first
bigfish,5xeq2xplus15-diagrams-first
bighorse,9eq4plusx-diagrams-first
bighorse,4xplus1eq9-diagrams-first
bighorse,1plus2xeq5-diagrams-first
bighorse,19eq3xplus4-diagrams-first
bighorse,15eq4xplus7-diagrams-first
bighorse,5xplus2eq2xplus8-diagrams-first
bighorse,8xplus3eq5plus6x-diagrams-first
bighorse,1plus9xeq8plus2x-diagrams-first
bighorse,4xplus1eqxplus10-diagrams-first
bigkoala,xplus2eq6-diagrams-first
bigkoala,xplus3eq8-diagrams-first
bigkoala,xplus6eq8-diagrams-first
bigkoala,8eqxplus3-diagrams-first
bigkoala,2xplus3eq7-diagrams-first
bigkoala,3xplus1eq10-diagrams-first
bigkoala,1plus2xeq5-diagrams-first
bigkoala,15eq4xplus7-diagrams-first
bigkoala,6xplus3eqxplus13-diagrams-first
bigkoala,4xplus3eq2xplus7-diagrams-first
bigkoala,6xplus1eq13plus2x-diagrams-first
bigkoala,2plus7xeq11plus4x-diagrams-first
biglion,xplus2eq6-diagrams-first
biglion,5plusxeq7-diagrams-first
biglion,4plusxeq9-diagrams-first
biglion,8eqxplus3-diagrams-first
biglion,3eqxplus1-diagrams-first
biglion,2xplus3eq7-diagrams-first
biglion,3xplus1eq10-diagrams-first
biglion,4xplus1eq9-diagrams-first
biglion,3xplus2eq8-diagrams-first
biglion,3xplus8eq17-diagrams-first
biglion,4xplus3eq11-diagrams-first
bigmonkey,xplus2eq6-diagrams-first
bigmonkey,xplus3eq8-diagrams-first
bigmonkey,1plusxeq7-diagrams-first
bigmonkey,5plusxeq7-diagrams-first
bigmonkey,2xplus3eq7-diagrams-first
bigmonkey,3xplus1eq10-diagrams-first
bigmonkey,1plus2xeq5-diagrams-first
bigmonkey,7xeq2xplus5-diagrams-first
bigmonkey,7xeq20plus2x-diagrams-first
bigmonkey,6xeq4xplus10-diagrams-first
bigmouse,xplus3eq8-diagrams-first
bigmouse,xplus6eq8-diagrams-first
bigmouse,2plusxeq9-diagrams-first
bigowl,xplus2eq6-diagrams-first
bigowl,2xplus3eq7-diagrams-first
bigowl,3xplus1eq10-diagrams-first
bigowl,3xplus2eq8-diagrams-first
bigrabbit,3xplus5eqxplus11-diagrams-first
bigrabbit,6xplus3eqxplus13-diagrams-first
bigrabbit,5xplus2eq2xplus8-diagrams-first
bigrabbit,6xplus1eq13plus2x-diagrams-first
bigshark,xplus3eq8-diagrams-first
bigshark,2plusxeq9-diagrams-first
bigshark,5plusxeq7-diagrams-first
bigshark,8eqxplus3-diagrams-first
bigshark,10eq5plusx-diagrams-first
bigshark,2xplus3eq7-diagrams-first
bigshark,3xplus1eq10-diagrams-first
bigshark,4xplus1eq9-diagrams-first
bigshark,3xplus2eq8-diagrams-first
bigshark,3xplus8eq17-diagrams-first
bigshark,4xplus3eq11-diagrams-first
bigshark,9eq2xplus5-diagrams-first
bigshark,15eq4xplus3-diagrams-first
bigshark,15eq4xplus7-diagrams-first
bigshark,8eq3plus5x-diagrams-first
bigshark,3xeqxplus4-diagrams-first
bigshark,7xeq2xplus5-diagrams-first
bigshark,7xeq20plus2x-diagrams-first
bigshark,9xeq5xplus8-diagrams-first
bigshark,4xeq2xplus6-diagrams-first
bigshark,6xeq4xplus10-diagrams-first
bigshark,6xeq2xplus8-diagrams-first
bigshark,4xplus1eqxplus10-diagrams-first
bigshark,3xplus5eqxplus11-diagrams-first
bigshark,8xplus3eq5plus6x-diagrams-first
bigsheep,xplus2eq6-diagrams-first
bigsnake,xplus3eq5-diagrams-first
bigsnake,xplus3eq8-diagrams-first
bigsnake,xplus6eq8-diagrams-first
fastbat,xplus3eq8-diagrams-first
fastbat,1plusxeq7-diagrams-first
fastbat,5plusxeq7-diagrams-first
fastbat,8eqxplus3-diagrams-first
fastbat,9eq4plusx-diagrams-first
fastbat,10eq5plusx-no-diagrams
fastbat,2xplus3eq7-diagrams-first
fastbat,4xplus1eq9-diagrams-first
fastbat,3xplus8eq17-diagrams-first
fastbat,4xplus3eq11-no-diagrams
fastbat,1plus2xeq5-diagrams-first
fastbat,9eq2xplus5-diagrams-first
fastbat,19eq3xplus4-diagrams-first
fastbat,7eq5plus2x-diagrams-first
fastbat,8eq3plus5x-no-diagrams
fastbat,3xeqxplus4-diagrams-first
fastbat,7xeq2xplus5-no-diagrams
fastbat,6xeq7plus5x-diagrams-first
fastbat,7xeq20plus2x-no-diagrams
fastbat,5xeq2xplus15-diagrams-first
fastbat,9xeq5xplus8-no-diagrams
fastbee,xplus2eq6-diagrams-first
fastbee,1plusxeq7-diagrams-first
fastbee,9eq4plusx-diagrams-first
fastbee,2xplus3eq7-diagrams-first
fastbee,4xplus1eq9-diagrams-first
fastbee,3xplus2eq8-no-diagrams
fastbee,3xplus8eq17-diagrams-first
fastbee,1plus2xeq5-diagrams-first
fastbee,19eq3xplus4-diagrams-first
fastbee,8eq3plus5x-no-diagrams
fastbee,3xeqxplus4-diagrams-first
fastbird,xplus2eq6-diagrams-first
fastbird,xplus3eq5-no-diagrams
fastbird,xplus3eq8-diagrams-first
fastbird,1plusxeq7-diagrams-first
fastbird,9eq4plusx-diagrams-first
fastbird,10eq5plusx-no-diagrams
fastbird,1plus2xeq5-diagrams-first
fastbird,15eq4xplus3-no-diagrams
fastbird,19eq3xplus4-diagrams-first
fastbird,7eq5plus2x-diagrams-first
fastbird,3xeqxplus4-diagrams-first
fastbird,7xeq20plus2x-no-diagrams
fastbird,5xeq2xplus15-diagrams-first
fastbird,9xeq5xplus8-no-diagrams
fastbison,xplus2eq6-diagrams-first
fastbison,xplus6eq8-no-diagrams
fastbison,3eqxplus1-no-diagrams
fastbison,2xplus3eq7-diagrams-first
fastbison,4xplus1eq9-diagrams-first
fastbison,3xplus8eq17-diagrams-first
fastbison,7eq5plus2x-diagrams-first
fastbison,5xplus2eq2xplus8-no-diagrams
fastcat,xplus3eq5-no-diagrams
fastcat,3eqxplus1-no-diagrams
fastcat,2xplus3eq7-diagrams-first
fastcat,3xplus1eq10-no-diagrams
fastcat,15eq4xplus3-no-diagrams
fastcat,19eq3xplus4-diagrams-first
fastcat,15eq4xplus7-no-diagrams
fastcat,8eq3plus5x-no-diagrams
fastcat,3xeqxplus4-diagrams-first
fastcat,7xeq2xplus5-no-diagrams
fastcat,7xeq20plus2x-no-diagrams
fastcat,5xeq2xplus15-diagrams-first
fastcat,4xeq2xplus6-diagrams-first
fastcat,4xplus1eqxplus10-diagrams-first
fastdeer,9eq4plusx-diagrams-first
fastdeer,2xplus3eq7-diagrams-first
fastdeer,4xplus1eq9-diagrams-first
fastdeer,3xplus8eq17-diagrams-first
fastdeer,1plus2xeq5-diagrams-first
fastdeer,9eq2xplus5-diagrams-first
fastdeer,15eq4xplus3-no-diagrams
fastdeer,3xeqxplus4-diagrams-first
fastdragon,4plusxeq9-no-diagrams
fastdragon,8eqxplus3-diagrams-first
fastdragon,2xplus3eq7-diagrams-first
fastdragon,3xplus1eq10-no-diagrams
fastdragon,4xplus1eq9-diagrams-first
fastdragon,3xplus8eq17-diagrams-first
fastdragon,1plus2xeq5-diagrams-first
fastdragon,7eq5plus2x-diagrams-first
fastdragon,7xeq20plus2x-no-diagrams
fastdragon,5xeq2xplus15-diagrams-first
fastduck,xplus6eq8-no-diagrams
fastduck,2plusxeq9-no-diagrams
fastduck,2xplus3eq7-diagrams-first
fastduck,4xplus1eq9-diagrams-first
fastduck,9eq2xplus5-diagrams-first
fastduck,7eq5plus2x-diagrams-first
fastduck,3xeqxplus4-diagrams-first
fastduck,6xeq7plus5x-diagrams-first
fastduck,4xplus1eqxplus10-diagrams-first
fastduck,4xplus3eq2xplus7-diagrams-first
fastduck,8xplus3eq5plus6x-diagrams-first
fastfish,xplus2eq6-diagrams-first
fastfish,xplus3eq8-diagrams-first
fastfish,1plusxeq7-diagrams-first
fastfish,5plusxeq7-diagrams-first
fastfish,8eqxplus3-diagrams-first
fastfish,3eqxplus1-no-diagrams
fastfish,9eq4plusx-diagrams-first
fastfish,10eq5plusx-no-diagrams
fastfish,2xplus3eq7-diagrams-first
fasthorse,3eqxplus1-no-diagrams
fasthorse,3xplus1eq10-no-diagrams
fasthorse,3xplus8eq17-diagrams-first
fastkoala,xplus3eq5-no-diagrams
fastkoala,4xplus1eq9-diagrams-first
fastkoala,9eq2xplus5-diagrams-first
fastkoala,7eq5plus2x-diagrams-first
fastlion,xplus2eq6-diagrams-first
fastlion,xplus3eq5-no-diagrams
fastlion,1plusxeq7-diagrams-first
fastlion,3eqxplus1-no-diagrams
fastlion,2xplus3eq7-diagrams-first
fastlion,3xplus1eq10-no-diagrams
fastlion,4xplus1eq9-diagrams-first
fastlion,3xplus8eq17-diagrams-first
fastlion,4xplus3eq11-no-diagrams
fastlion,1plus2xeq5-diagrams-first
fastlion,19eq3xplus4-diagrams-first
fastlion,15eq4xplus7-no-diagrams
fastlion,7eq5plus2x-diagrams-first
fastlion,8eq3plus5x-no-diagrams
fastlion,3xeqxplus4-diagrams-first
fastlion,7xeq2xplus5-no-diagrams
fastlion,6xeq7plus5x-diagrams-first
fastlion,7xeq20plus2x-no-diagrams
fastlion,5xeq2xplus15-diagrams-first
fastlion,4xeq2xplus6-diagrams-first
fastlion,6xeq4xplus10-no-diagrams
fastlion,6xeq2xplus8-diagrams-first
fastmouse,xplus2eq6-diagrams-first
fastmouse,xplus3eq5-no-diagrams
fastmouse,xplus3eq8-diagrams-first
fastmouse,xplus6eq8-no-diagrams
fastmouse,3eqxplus1-no-diagrams
fastmouse,10eq5plusx-no-diagrams
fastmouse,3xplus1eq10-no-diagrams
fastmouse,4xplus1eq9-diagrams-first
fastmouse,3xplus2eq8-no-diagrams
fastotter,xplus2eq6-diagrams-first
fastotter,xplus3eq8-diagrams-first
fastotter,1plusxeq7-diagrams-first
fastotter,5plusxeq7-diagrams-first
fastotter,3xplus1eq10-no-diagrams
fastotter,3xplus2eq8-no-diagrams
fastotter,3xplus8eq17-diagrams-first
fastotter,1plus2xeq5-diagrams-first
fastotter,9eq2xplus5-diagrams-first
fastotter,15eq4xplus7-no-diagrams
fastotter,7eq5plus2x-diagrams-first
fastowl,xplus3eq8-diagrams-first
fastowl,1plusxeq7-diagrams-first
fastowl,5plusxeq7-diagrams-first
fastowl,3xplus1eq10-no-diagrams
fastowl,4xplus1eq9-diagrams-first
fastowl,3xplus2eq8-no-diagrams
fastowl,3xplus8eq17-diagrams-first
fastowl,4xplus3eq11-no-diagrams
fastowl,1plus2xeq5-diagrams-first
fastowl,19eq3xplus4-diagrams-first
fastowl,7eq5plus2x-diagrams-first
fastowl,8eq3plus5x-no-diagrams
fastowl,3xeqxplus4-diagrams-first
fastowl,7xeq2xplus5-no-diagrams
fastowl,6xeq7plus5x-diagrams-first
fastowl,7xeq20plus2x-no-diagrams
fastowl,5xeq2xplus15-diagrams-first
fastowl,4xeq2xplus6-diagrams-first
fastowl,6xeq2xplus8-diagrams-first
fastrabbit,xplus2eq6-diagrams-first
fastshark,4xplus1eq9-diagrams-first
fastshark,4xplus3eq11-no-diagrams
fastshark,9eq2xplus5-diagrams-first
fastshark,19eq3xplus4-diagrams-first
fastshark,7eq5plus2x-diagrams-first
fastshark,3xeqxplus4-diagrams-first
fastshark,7xeq2xplus5-no-diagrams
fastshark,5xeq2xplus15-diagrams-first
fastsnake,xplus2eq6-diagrams-first
slowalpaca,xplus2eq6-diagrams-first
slowalpaca,xplus3eq5-no-diagrams
slowalpaca,xplus3eq8-diagrams-first
slowalpaca,1plusxeq7-diagrams-first
slowalpaca,5plusxeq7-diagrams-first
slowalpaca,8eqxplus3-diagrams-first
slowalpaca,3eqxplus1-no-diagrams
slowalpaca,9eq4plusx-diagrams-first
slowalpaca,10eq5plusx-no-diagrams
slowalpaca,2xplus3eq7-diagrams-first
slowalpaca,3xplus1eq10-no-diagrams
slowalpaca,4xplus1eq9-diagrams-first
slowalpaca,3xplus2eq8-no-diagrams
slowant,xplus2eq6-diagrams-first
slowant,8eqxplus3-diagrams-first
slowant,2xplus3eq7-diagrams-first
slowant,3xplus8eq17-diagrams-first
slowant,1plus2xeq5-diagrams-first
slowant,9eq2xplus5-diagrams-first
slowant,3xeqxplus4-diagrams-first
slowant,7xeq2xplus5-no-diagrams
slowant,7xeq20plus2x-no-diagrams
slowant,8xeq2xplus6-no-diagrams
slowbat,xplus2eq6-diagrams-first
slowbat,xplus3eq8-diagrams-first
slowbear,xplus2eq6-diagrams-first
slowbear,xplus3eq5-no-diagrams
slowbear,xplus3eq8-diagrams-first
slowbear,1plusxeq7-diagrams-first
slowbear,5plusxeq7-diagrams-first
slowbear,8eqxplus3-diagrams-first
slowbear,9eq4plusx-diagrams-first
slowbear,2xplus3eq7-diagrams-first
slowbear,3xplus1eq10-no-diagrams
slowbear,4xplus1eq9-diagrams-first
slowbear,3xplus2eq8-no-diagrams
slowbird,xplus2eq6-diagrams-first
slowbird,xplus3eq5-no-diagrams
slowbird,1plusxeq7-diagrams-first
slowbird,8eqxplus3-diagrams-first
slowbird,9eq4plusx-diagrams-first
slowbird,10eq5plusx-no-diagrams
slowbird,2xplus3eq7-diagrams-first
slowbird,4xplus1eq9-diagrams-first
slowbird,3xplus2eq8-no-diagrams
slowbird,1plus2xeq5-diagrams-first
slowbird,9eq2xplus5-diagrams-first
slowbird,19eq3xplus4-diagrams-first
slowbird,7eq5plus2x-diagrams-first
slowbird,3xeqxplus4-diagrams-first
slowbird,5xeq2xplus15-diagrams-first
slowbird,6xeq2xplus8-diagrams-first
slowbird,8xeq2xplus6-no-diagrams
slowbird,4xplus1eqxplus10-diagrams-first
slowbison,xplus3eq5-no-diagrams
slowbison,2xplus3eq7-diagrams-first
slowbison,6xeq7plus5x-diagrams-first
slowbison,6xeq2xplus8-diagrams-first
slowbison,8xeq2xplus6-no-diagrams
slowbison,4xplus1eqxplus10-diagrams-first
slowbison,3xplus5eqxplus11-no-diagrams
slowbison,6xplus3eqxplus13-diagrams-first
slowbison,8xplus1eq2xplus13-no-diagrams
slowbison,4xplus3eq2xplus7-diagrams-first
slowcat,xplus3eq5-no-diagrams
slowcat,3xplus2eq8-no-diagrams
slowcat,4xplus3eq11-no-diagrams
slowcat,3xeqxplus4-diagrams-first
slowcat,7xeq2xplus5-no-diagrams
slowcat,4xplus1eqxplus10-diagrams-first
slowcat,3xplus5eqxplus11-no-diagrams
slowcat,1plus9xeq8plus2x-diagrams-first
slowdeer,5plusxeq7-diagrams-first
slowdeer,2xplus3eq7-diagrams-first
slowdeer,3xplus1eq10-no-diagrams
slowdeer,3xplus2eq8-no-diagrams
slowdeer,1plus2xeq5-diagrams-first
slowdeer,9eq2xplus5-diagrams-first
slowdeer,15eq4xplus3-no-diagrams
slowdeer,15eq4xplus7-no-diagrams
slowdeer,7eq5plus2x-diagrams-first
slowdeer,3xeqxplus4-diagrams-first
slowdeer,7xeq2xplus5-no-diagrams
slowdeer,7xeq20plus2x-no-diagrams
slowdeer,5xeq2xplus15-diagrams-first
slowdeer,4xplus1eqxplus10-diagrams-first
slowdog,2xplus3eq7-diagrams-first
slowdog,9eq2xplus5-diagrams-first
slowdog,19eq3xplus4-diagrams-first
slowdog,15eq4xplus7-no-diagrams
slowdragon,xplus2eq6-diagrams-first
slowdragon,xplus3eq5-no-diagrams
slowdragon,1plusxeq7-diagrams-first
slowdragon,5plusxeq7-diagrams-first
slowdragon,8eqxplus3-diagrams-first
slowdragon,2xplus3eq7-diagrams-first
slowdragon,4xplus1eq9-diagrams-first
slowdragon,9eq2xplus5-diagrams-first
slowdragon,15eq4xplus3-no-diagrams
slowdragon,7eq5plus2x-diagrams-first
slowdragon,3xeqxplus4-diagrams-first
slowdragon,7xeq2xplus5-no-diagrams
slowdragon,5xeq2xplus15-diagrams-first
slowdragon,4xeq2xplus6-diagrams-first
slowdragon,6xeq2xplus8-diagrams-first
slowdragon,8xeq2xplus6-no-diagrams
slowdragon,4xplus1eqxplus10-diagrams-first
slowdragon,3xplus5eqxplus11-no-diagrams
slowdragon,6xplus3eqxplus13-diagrams-first
slowdragon,8xplus1eq2xplus13-no-diagrams
slowdragon,4xplus3eq2xplus7-diagrams-first
slowdragon,5xplus2eq2xplus8-no-diagrams
slowdragon,8xplus3eq5plus6x-diagrams-first
slowduck,xplus6eq8-no-diagrams
sloweagle,xplus3eq8-diagrams-first
sloweagle,xplus6eq8-no-diagrams
sloweagle,4plusxeq9-no-diagrams
sloweagle,9eq4plusx-diagrams-first
sloweagle,2xplus3eq7-diagrams-first
sloweagle,4xplus1eq9-diagrams-first
sloweagle,7plus2xeq11-no-diagrams
sloweagle,15eq4xplus3-no-diagrams
sloweagle,19eq3xplus4-diagrams-first
sloweagle,7eq5plus2x-diagrams-first
slowfish,xplus2eq6-diagrams-first
slowfish,xplus3eq5-no-diagrams
slowfish,1plusxeq7-diagrams-first
slowfish,9eq4plusx-diagrams-first
slowfish,10eq5plusx-no-diagrams
slowfish,2xplus3eq7-diagrams-first
slowfish,4xplus1eq9-diagrams-first
slowfish,3xplus8eq17-diagrams-first
slowfish,4xplus3eq11-no-diagrams
slowfish,1plus2xeq5-diagrams-first
slowfish,7plus2xeq11-no-diagrams
slowfish,19eq3xplus4-diagrams-first
slowfish,15eq4xplus7-no-diagrams
slowfish,7eq5plus2x-diagrams-first
slowfish,5xeq2xplus15-diagrams-first
slowfish,4xplus1eqxplus10-diagrams-first
slowfish,6xplus3eqxplus13-diagrams-first
slowfish,8xplus1eq2xplus13-no-diagrams
slowfish,5xplus2eq2xplus8-no-diagrams
slowfish,8xplus3eq5plus6x-diagrams-first
slowkoala,1plusxeq7-diagrams-first
slowkoala,8eqxplus3-diagrams-first
slowkoala,9eq4plusx-diagrams-first
slowkoala,2xplus3eq7-diagrams-first
slowkoala,3xplus1eq10-no-diagrams
slowkoala,4xplus1eq9-diagrams-first
slowkoala,3xplus2eq8-no-diagrams
slowkoala,3xplus8eq17-diagrams-first
slowkoala,4xplus3eq11-no-diagrams
slowkoala,1plus2xeq5-diagrams-first
slowkoala,7plus2xeq11-no-diagrams
slowkoala,9eq2xplus5-diagrams-first
slowkoala,15eq4xplus3-no-diagrams
slowkoala,19eq3xplus4-diagrams-first
slowkoala,7eq5plus2x-diagrams-first
slowkoala,3xeqxplus4-diagrams-first
slowkoala,6xeq7plus5x-diagrams-first
slowlion,1plusxeq7-diagrams-first
slowlion,5plusxeq7-diagrams-first
slowlion,8eqxplus3-diagrams-first
slowlion,9eq4plusx-diagrams-first
slowlion,10eq5plusx-no-diagrams
slowlion,2xplus3eq7-diagrams-first
slowlion,3xplus1eq10-no-diagrams
slowlion,4xplus1eq9-diagrams-first
slowlion,3xplus2eq8-no-diagrams
slowmonkey,xplus3eq5-no-diagrams
slowmonkey,1plusxeq7-diagrams-first
slowmonkey,2plusxeq9-no-diagrams
slowmonkey,5plusxeq7-diagrams-first
slowmonkey,4plusxeq9-no-diagrams
slowmonkey,8eqxplus3-diagrams-first
slowmonkey,3eqxplus1-no-diagrams
slowmonkey,9eq4plusx-diagrams-first
slowmonkey,10eq5plusx-no-diagrams
slowmonkey,2xplus3eq7-diagrams-first
slowmonkey,3xplus1eq10-no-diagrams
slowmonkey,4xplus1eq9-diagrams-first
slowmonkey,3xplus2eq8-no-diagrams
slowmonkey,3xplus8eq17-diagrams-first
slowmonkey,4xplus3eq11-no-diagrams
slowmonkey,1plus2xeq5-diagrams-first
slowmonkey,7plus2xeq11-no-diagrams
slowmonkey,9eq2xplus5-diagrams-first
slowmonkey,15eq4xplus3-no-diagrams
slowmonkey,19eq3xplus4-diagrams-first
slowmonkey,15eq4xplus7-no-diagrams
slowmonkey,7eq5plus2x-diagrams-first
slowmonkey,8eq3plus5x-no-diagrams
slowmonkey,3xeqxplus4-diagrams-first
slowotter,xplus2eq6-diagrams-first
slowotter,1plusxeq7-diagrams-first
slowotter,2plusxeq9-no-diagrams
slowotter,5plusxeq7-diagrams-first
slowotter,8eqxplus3-diagrams-first
slowotter,9eq4plusx-diagrams-first
slowotter,2xplus3eq7-diagrams-first
slowotter,3xplus2eq8-no-diagrams
slowotter,3xplus8eq17-diagrams-first
slowotter,1plus2xeq5-diagrams-first
slowotter,9eq2xplus5-diagrams-first
slowotter,15eq4xplus3-no-diagrams
slowotter,7eq5plus2x-diagrams-first
slowotter,8eq3plus5x-no-diagrams
slowotter,3xeqxplus4-diagrams-first
slowotter,7xeq2xplus5-no-diagrams
slowotter,7xeq20plus2x-no-diagrams
slowowl,xplus2eq6-diagrams-first
slowowl,xplus3eq8-diagrams-first
slowowl,1plusxeq7-diagrams-first
slowowl,2xplus3eq7-diagrams-first
slowowl,3xplus1eq10-no-diagrams
slowowl,4xplus1eq9-diagrams-first
slowowl,3xplus8eq17-diagrams-first
slowowl,1plus2xeq5-diagrams-first
slowowl,7plus2xeq11-no-diagrams
slowowl,15eq4xplus3-no-diagrams
slowowl,15eq4xplus7-no-diagrams
slowowl,7eq5plus2x-diagrams-first
slowowl,3xeqxplus4-diagrams-first
slowowl,7xeq20plus2x-no-diagrams
slowrabbit,xplus3eq5-no-diagrams
slowrabbit,2plusxeq9-no-diagrams
slowrabbit,2xplus3eq7-diagrams-first
slowrabbit,4xplus1eq9-diagrams-first
slowrabbit,3xplus8eq17-diagrams-first
slowrabbit,1plus2xeq5-diagrams-first
slowrabbit,7plus2xeq11-no-diagrams
slowrabbit,9eq2xplus5-diagrams-first
slowrabbit,7xeq2xplus5-no-diagrams
slowrabbit,9xeq5xplus8-no-diagrams
slowrabbit,4xplus1eqxplus10-diagrams-first
slowrabbit,3xplus5eqxplus11-no-diagrams
slowrabbit,4xplus3eq2xplus7-diagrams-first
slowrabbit,5xplus2eq2xplus8-no-diagrams
slowsheep,xplus2eq6-diagrams-first
slowsheep,6xeq7plus5x-diagrams-first
slowsheep,3xplus5eqxplus11-no-diagrams
slowsheep,6xplus3eqxplus13-diagrams-first
slowswan,xplus2eq6-diagrams-first
slowswan,xplus3eq8-diagrams-first
slowswan,1plusxeq7-diagrams-first
slowswan,5plusxeq7-diagrams-first
smallalpaca,xplus2eq6-diagrams-first
smallalpaca,xplus3eq5-diagrams-first
smallalpaca,xplus6eq8-diagrams-first
smallalpaca,1plusxeq7-diagrams-first
smallalpaca,2plusxeq9-diagrams-first
smallalpaca,5plusxeq7-diagrams-first
smallalpaca,3eqxplus1-diagrams-first
smallalpaca,9eq4plusx-diagrams-first
smallalpaca,2xplus3eq7-diagrams-first
smallalpaca,4xplus1eq9-diagrams-first
smallalpaca,3xplus2eq8-diagrams-first
smallalpaca,3xplus8eq17-diagrams-first
smallalpaca,4xplus3eq11-diagrams-first
smallalpaca,1plus2xeq5-diagrams-first
smallalpaca,9eq2xplus5-diagrams-first
smallalpaca,15eq4xplus3-diagrams-first
smallalpaca,7eq5plus2x-diagrams-first
smallalpaca,8eq3plus5x-diagrams-first
smallalpaca,3xeqxplus4-diagrams-first
smallalpaca,7xeq2xplus5-diagrams-first
smallalpaca,6xeq7plus5x-diagrams-first
smallalpaca,5xeq2xplus15-diagrams-first
smallalpaca,6xeq4xplus10-diagrams-first
smallalpaca,4xplus1eqxplus10-diagrams-first
smallant,xplus3eq5-diagrams-first
smallant,2xplus3eq7-diagrams-first
smallant,3xplus2eq8-diagrams-first
smallant,3xplus8eq17-diagrams-first
smallant,3xeqxplus4-diagrams-first
smallant,9xeq5xplus8-diagrams-first
smallant,6xeq4xplus10-diagrams-first
smallant,4xplus1eqxplus10-diagrams-first
smallant,3xplus5eqxplus11-diagrams-first
smallant,6xplus3eqxplus13-diagrams-first
smallbat,5plusxeq7-diagrams-first
smallbat,4plusxeq9-diagrams-first
smallbat,8eqxplus3-diagrams-first
smallbat,9eq4plusx-diagrams-first
smallbat,10eq5plusx-diagrams-first
smallbat,2xplus3eq7-diagrams-first
smallbat,3xplus1eq10-diagrams-first
smallbat,4xplus1eq9-diagrams-first
smallbat,3xplus2eq8-diagrams-first
smallbat,3xplus8eq17-diagrams-first
smallbat,4xplus3eq11-diagrams-first
smallbat,1plus2xeq5-diagrams-first
smallbat,7plus2xeq11-diagrams-first
smallbat,9eq2xplus5-diagrams-first
smallbat,7xeq2xplus5-diagrams-first
smallbat,9xeq5xplus8-diagrams-first
smallbat,4xeq2xplus6-diagrams-first
smallbat,6xeq2xplus8-diagrams-first
smallbat,8xeq2xplus6-diagrams-first
smallbat,3xplus5eqxplus11-diagrams-first
smallbat,8xplus1eq2xplus13-diagrams-first
smallbear,xplus3eq8-diagrams-first
smallbear,xplus6eq8-diagrams-first
smallbear,1plusxeq7-diagrams-first
smallbear,5plusxeq7-diagrams-first
smallbear,4plusxeq9-diagrams-first
smallbear,8eqxplus3-diagrams-first
smallbee,xplus3eq5-diagrams-first
smallbee,xplus6eq8-diagrams-first
smallbee,1plusxeq7-diagrams-first
smallbee,2plusxeq9-diagrams-first
smallbee,5plusxeq7-diagrams-first
smallbee,8eqxplus3-diagrams-first
smallbee,3eqxplus1-diagrams-first
smallbee,9eq4plusx-diagrams-first
smallbee,10eq5plusx-diagrams-first
smallbee,3xplus1eq10-diagrams-first
smallbee,4xplus1eq9-diagrams-first
smallbee,3xplus2eq8-diagrams-first
smallbee,4xplus3eq11-diagrams-first
smallbee,7plus2xeq11-diagrams-first
smallbee,9eq2xplus5-diagrams-first
smallbee,19eq3xplus4-diagrams-first
smallbee,15eq4xplus7-diagrams-first
smallbee,8eq3plus5x-diagrams-first
smallbird,2xplus3eq7-diagrams-first
smallbird,4xplus1eq9-diagrams-first
smallbird,3xplus8eq17-diagrams-first
smallbird,9eq2xplus5-diagrams-first
smallbird,4xeq2xplus6-diagrams-first
smallbison,xplus2eq6-diagrams-first
smallbison,xplus3eq5-diagrams-first
smallbison,xplus3eq8-diagrams-first
smallbison,xplus6eq8-diagrams-first
smallbison,1plusxeq7-diagrams-first
smallbison,2plusxeq9-diagrams-first
smallbison,5plusxeq7-diagrams-first
smallbison,4plusxeq9-diagrams-first
smallbison,8eqxplus3-diagrams-first
smallbison,9eq4plusx-diagrams-first
smallbison,10eq5plusx-diagrams-first
smallbison,2xplus3eq7-diagrams-first
smallbison,3xplus1eq10-diagrams-first
smallbison,4xplus1eq9-diagrams-first
smallbison,3xplus2eq8-diagrams-first
smallbison,3xplus8eq17-diagrams-first
smallbison,4xplus3eq11-diagrams-first
smallbison,1plus2xeq5-diagrams-first
smallbison,7plus2xeq11-diagrams-first
smallbison,9eq2xplus5-diagrams-first
smallbison,15eq4xplus3-diagrams-first
smallbison,19eq3xplus4-diagrams-first
smallbison,15eq4xplus7-diagrams-first
smallbison,7eq5plus2x-diagrams-first
smallbison,8eq3plus5x-diagrams-first
smallbison,3xeqxplus4-diagrams-first
smallbison,7xeq2xplus5-diagrams-first
smallbison,6xeq7plus5x-diagrams-first
smallcat,xplus2eq6-diagrams-first
smallcat,xplus3eq8-diagrams-first
smallcat,3xeqxplus4-diagrams-first
smallcat,7xeq2xplus5-diagrams-first
smallcat,5xeq2xplus15-diagrams-first
smallcat,4xeq2xplus6-diagrams-first
smallcat,6xplus3eqxplus13-diagrams-first
smalldeer,xplus3eq8-diagrams-first
smalldeer,2xplus3eq7-diagrams-first
smalldeer,4xplus1eq9-diagrams-first
smalldeer,1plus2xeq5-diagrams-first
smalldeer,9eq2xplus5-diagrams-first
smalldeer,15eq4xplus7-diagrams-first
smalldog,9eq4plusx-diagrams-first
smalldog,2xplus3eq7-diagrams-first
smalldragon,xplus2eq6-diagrams-first
smalldragon,xplus3eq5-diagrams-first
smalldragon,xplus3eq8-diagrams-first
smalldragon,1plusxeq7-diagrams-first
smalldragon,2plusxeq9-diagrams-first
smalldragon,5plusxeq7-diagrams-first
smalldragon,8eqxplus3-diagrams-first
smalldragon,3eqxplus1-diagrams-first
smalldragon,9eq4plusx-diagrams-first
smalldragon,2xplus3eq7-diagrams-first
smalldragon,3xplus1eq10-diagrams-first
smalldragon,4xplus1eq9-diagrams-first
smalldragon,3xplus2eq8-diagrams-first
smalldragon,3xplus8eq17-diagrams-first
smalldragon,1plus2xeq5-diagrams-first
smalldragon,7plus2xeq11-diagrams-first
smalldragon,9eq2xplus5-diagrams-first
smalldragon,19eq3xplus4-diagrams-first
smalldragon,15eq4xplus7-diagrams-first
smalldragon,7eq5plus2x-diagrams-first
smalldragon,8eq3plus5x-diagrams-first
smalleagle,xplus2eq6-diagrams-first
smalleagle,8eqxplus3-diagrams-first
smalleagle,2xplus3eq7-diagrams-first
smallfish,xplus3eq5-diagrams-first
smallfish,xplus3eq8-diagrams-first
smallfox,xplus3eq5-diagrams-first
smallfox,xplus3eq8-diagrams-first
smallfox,4plusxeq9-diagrams-first
smallfox,9eq4plusx-diagrams-first
smallfox,10eq5plusx-diagrams-first
smallfox,2xplus3eq7-diagrams-first
smallfox,3xplus1eq10-diagrams-first
smallfox,4xplus1eq9-diagrams-first
smallfox,9eq2xplus5-diagrams-first
smallfox,15eq4xplus7-diagrams-first
smallfox,7eq5plus2x-diagrams-first
smallfox,8eq3plus5x-diagrams-first
smallfox,3xeqxplus4-diagrams-first
smallfox,5xeq2xplus15-diagrams-first
smallfox,9xeq5xplus8-diagrams-first
smallfox,6xeq2xplus8-diagrams-first
smallfox,4xplus1eqxplus10-diagrams-first
smallfox,6xplus3eqxplus13-diagrams-first
smallfox,5xplus2eq2xplus8-diagrams-first
smallfox,8xplus3eq5plus6x-diagrams-first
smallfox,6xplus1eq13plus2x-diagrams-first
smallfox,3plus6xeq9plus4x-diagrams-first
smallhorse,2xplus3eq7-diagrams-first
smallhorse,3xplus1eq10-diagrams-first
smallhorse,4xplus1eqxplus10-diagrams-first
smallhorse,4xplus3eq2xplus7-diagrams-first
smallhorse,1plus9xeq8plus2x-diagrams-first
smallkoala,xplus3eq5-diagrams-first
smallkoala,2xplus3eq7-diagrams-first
smallkoala,3xplus1eq10-diagrams-first
smallkoala,4xplus1eq9-diagrams-first
smallkoala,3xplus2eq8-diagrams-first
smallkoala,1plus2xeq5-diagrams-first
smallkoala,9eq2xplus5-diagrams-first
smallkoala,15eq4xplus3-diagrams-first
smallkoala,3xeqxplus4-diagrams-first
smallkoala,7xeq2xplus5-diagrams-first
smallkoala,6xeq7plus5x-diagrams-first
smallkoala,4xeq2xplus6-diagrams-first
smalllion,xplus2eq6-diagrams-first
smalllion,xplus6eq8-diagrams-first
smalllion,1plusxeq7-diagrams-first
smalllion,2xplus3eq7-diagrams-first
smalllion,1plus2xeq5-diagrams-first
smalllion,9eq2xplus5-diagrams-first
smalllion,15eq4xplus3-diagrams-first
smalllion,19eq3xplus4-diagrams-first
smalllion,15eq4xplus7-diagrams-first
smalllion,7eq5plus2x-diagrams-first
smalllion,3xeqxplus4-diagrams-first
smalllion,7xeq2xplus5-diagrams-first
smalllion,6xeq7plus5x-diagrams-first
smalllion,5xeq2xplus15-diagrams-first
smalllion,4xeq2xplus6-diagrams-first
smalllion,6xeq4xplus10-diagrams-first
smalllion,4xplus1eqxplus10-diagrams-first
smalllion,3xplus5eqxplus11-diagrams-first
smalllion,8xplus1eq2xplus13-diagrams-first
smalllion,4xplus3eq2xplus7-diagrams-first
smalllion,5xplus2eq2xplus8-diagrams-first
smalllion,8xplus3eq5plus6x-diagrams-first
smalllion,6xplus1eq13plus2x-diagrams-first
smalllion,1plus9xeq8plus2x-diagrams-first
smalllion,3plus6xeq9plus4x-diagrams-first
smalllion,2plus7xeq11plus4x-diagrams-first
smallmonkey,xplus3eq5-diagrams-first
smallmonkey,xplus3eq8-diagrams-first
smallmonkey,1plusxeq7-diagrams-first
smallmonkey,2plusxeq9-diagrams-first
smallmonkey,5plusxeq7-diagrams-first
smallotter,xplus3eq5-diagrams-first
smallotter,2xplus3eq7-diagrams-first
smallotter,4xplus1eq9-diagrams-first
smallotter,4xplus3eq11-diagrams-first
smallotter,1plus2xeq5-diagrams-first
smallotter,9eq2xplus5-diagrams-first
smallotter,4xplus1eqxplus10-diagrams-first
smallowl,xplus2eq6-diagrams-first
smallowl,xplus6eq8-diagrams-first
smallowl,1plusxeq7-diagrams-first
smallowl,5plusxeq7-diagrams-first
smallowl,8eqxplus3-diagrams-first
smallowl,3eqxplus1-diagrams-first
smallowl,2xplus3eq7-diagrams-first
smallowl,3xplus1eq10-diagrams-first
smallowl,4xplus1eq9-diagrams-first
smallowl,3xplus8eq17-diagrams-first
smallowl,1plus2xeq5-diagrams-first
smallowl,19eq3xplus4-diagrams-first
smallowl,15eq4xplus7-diagrams-first
smallowl,7eq5plus2x-diagrams-first
smallowl,3xeqxplus4-diagrams-first
smallowl,7xeq2xplus5-diagrams-first
smallowl,7xeq20plus2x-diagrams-first
smallowl,5xeq2xplus15-diagrams-first
smallowl,6xeq4xplus10-diagrams-first
smallowl,8xeq2xplus6-diagrams-first
smallowl,4xplus1eqxplus10-diagrams-first
smallowl,3xplus5eqxplus11-diagrams-first
smallowl,6xplus3eqxplus13-diagrams-first
smallowl,8xplus1eq2xplus13-diagrams-first
smallshark,xplus3eq8-diagrams-first
smallshark,xplus6eq8-diagrams-first
smallshark,1plusxeq7-diagrams-first
smallshark,2plusxeq9-diagrams-first
smallshark,5plusxeq7-diagrams-first
smallshark,4plusxeq9-diagrams-first
smallshark,8eqxplus3-diagrams-first
smallshark,9eq4plusx-diagrams-first
smallshark,10eq5plusx-diagrams-first
smallsheep,5plusxeq7-diagrams-first
smallsheep,2xplus3eq7-diagrams-first
smallsheep,3xplus1eq10-diagrams-first
smallsheep,3xplus2eq8-diagrams-first
